<annotation>
	<folder>google homemini</folder>
	<filename>000000113.PNG</filename>
	<path>C:\Users\dell\Pictures\google homemini\000000113.PNG</path>
	<source>
		<database>Unknown</database>
	</source>
	<size>
		<width>659</width>
		<height>676</height>
		<depth>3</depth>
	</size>
	<segmented>0</segmented>
	<object>
		<name>google homemini</name>
		<pose>Unspecified</pose>
		<truncated>1</truncated>
		<difficult>0</difficult>
		<bndbox>
			<xmin>164</xmin>
			<ymin>428</ymin>
			<xmax>542</xmax>
			<ymax>676</ymax>
		</bndbox>
	</object>
</annotation>
