<annotation>
	<folder>google homemini</folder>
	<filename>00000079.PNG</filename>
	<path>C:\Users\dell\Pictures\google homemini\00000079.PNG</path>
	<source>
		<database>Unknown</database>
	</source>
	<size>
		<width>617</width>
		<height>589</height>
		<depth>3</depth>
	</size>
	<segmented>0</segmented>
	<object>
		<name>google homemini</name>
		<pose>Unspecified</pose>
		<truncated>0</truncated>
		<difficult>0</difficult>
		<bndbox>
			<xmin>87</xmin>
			<ymin>116</ymin>
			<xmax>549</xmax>
			<ymax>520</ymax>
		</bndbox>
	</object>
</annotation>
