<annotation>
	<folder>google homemini</folder>
	<filename>00000084.PNG</filename>
	<path>C:\Users\dell\Pictures\google homemini\00000084.PNG</path>
	<source>
		<database>Unknown</database>
	</source>
	<size>
		<width>616</width>
		<height>342</height>
		<depth>3</depth>
	</size>
	<segmented>0</segmented>
	<object>
		<name>google homemini</name>
		<pose>Unspecified</pose>
		<truncated>0</truncated>
		<difficult>0</difficult>
		<bndbox>
			<xmin>321</xmin>
			<ymin>227</ymin>
			<xmax>460</xmax>
			<ymax>337</ymax>
		</bndbox>
	</object>
</annotation>
