<annotation>
	<folder>google homemini</folder>
	<filename>000000102.PNG</filename>
	<path>C:\Users\dell\Pictures\google homemini\000000102.PNG</path>
	<source>
		<database>Unknown</database>
	</source>
	<size>
		<width>721</width>
		<height>645</height>
		<depth>3</depth>
	</size>
	<segmented>0</segmented>
	<object>
		<name>google homemini</name>
		<pose>Unspecified</pose>
		<truncated>0</truncated>
		<difficult>0</difficult>
		<bndbox>
			<xmin>385</xmin>
			<ymin>412</ymin>
			<xmax>646</xmax>
			<ymax>565</ymax>
		</bndbox>
	</object>
</annotation>
