<annotation>
	<folder>google homemini</folder>
	<filename>00000096.PNG</filename>
	<path>C:\Users\dell\Pictures\google homemini\00000096.PNG</path>
	<source>
		<database>Unknown</database>
	</source>
	<size>
		<width>666</width>
		<height>504</height>
		<depth>3</depth>
	</size>
	<segmented>0</segmented>
	<object>
		<name>google homemini</name>
		<pose>Unspecified</pose>
		<truncated>0</truncated>
		<difficult>0</difficult>
		<bndbox>
			<xmin>382</xmin>
			<ymin>339</ymin>
			<xmax>582</xmax>
			<ymax>468</ymax>
		</bndbox>
	</object>
</annotation>
