<annotation>
	<folder>google homemini</folder>
	<filename>00000099.PNG</filename>
	<path>C:\Users\dell\Pictures\google homemini\00000099.PNG</path>
	<source>
		<database>Unknown</database>
	</source>
	<size>
		<width>538</width>
		<height>622</height>
		<depth>3</depth>
	</size>
	<segmented>0</segmented>
	<object>
		<name>google homemini</name>
		<pose>Unspecified</pose>
		<truncated>0</truncated>
		<difficult>0</difficult>
		<bndbox>
			<xmin>158</xmin>
			<ymin>308</ymin>
			<xmax>426</xmax>
			<ymax>442</ymax>
		</bndbox>
	</object>
</annotation>
