<annotation>
	<folder>google homemini</folder>
	<filename>00000097.PNG</filename>
	<path>C:\Users\dell\Pictures\google homemini\00000097.PNG</path>
	<source>
		<database>Unknown</database>
	</source>
	<size>
		<width>704</width>
		<height>366</height>
		<depth>3</depth>
	</size>
	<segmented>0</segmented>
	<object>
		<name>google homemini</name>
		<pose>Unspecified</pose>
		<truncated>0</truncated>
		<difficult>0</difficult>
		<bndbox>
			<xmin>38</xmin>
			<ymin>183</ymin>
			<xmax>195</xmax>
			<ymax>346</ymax>
		</bndbox>
	</object>
	<object>
		<name>google homemini</name>
		<pose>Unspecified</pose>
		<truncated>0</truncated>
		<difficult>0</difficult>
		<bndbox>
			<xmin>270</xmin>
			<ymin>183</ymin>
			<xmax>434</xmax>
			<ymax>343</ymax>
		</bndbox>
	</object>
	<object>
		<name>google homemini</name>
		<pose>Unspecified</pose>
		<truncated>0</truncated>
		<difficult>0</difficult>
		<bndbox>
			<xmin>511</xmin>
			<ymin>182</ymin>
			<xmax>673</xmax>
			<ymax>345</ymax>
		</bndbox>
	</object>
</annotation>
