<annotation>
	<folder>google homemini</folder>
	<filename>00000093.PNG</filename>
	<path>C:\Users\dell\Pictures\google homemini\00000093.PNG</path>
	<source>
		<database>Unknown</database>
	</source>
	<size>
		<width>692</width>
		<height>383</height>
		<depth>3</depth>
	</size>
	<segmented>0</segmented>
	<object>
		<name>google homemini</name>
		<pose>Unspecified</pose>
		<truncated>0</truncated>
		<difficult>0</difficult>
		<bndbox>
			<xmin>127</xmin>
			<ymin>99</ymin>
			<xmax>535</xmax>
			<ymax>341</ymax>
		</bndbox>
	</object>
</annotation>
