<annotation>
	<folder>google homemini</folder>
	<filename>000000100.PNG</filename>
	<path>C:\Users\dell\Pictures\google homemini\000000100.PNG</path>
	<source>
		<database>Unknown</database>
	</source>
	<size>
		<width>709</width>
		<height>587</height>
		<depth>3</depth>
	</size>
	<segmented>0</segmented>
	<object>
		<name>google homemini</name>
		<pose>Unspecified</pose>
		<truncated>0</truncated>
		<difficult>0</difficult>
		<bndbox>
			<xmin>227</xmin>
			<ymin>243</ymin>
			<xmax>698</xmax>
			<ymax>579</ymax>
		</bndbox>
	</object>
</annotation>
