<annotation>
	<folder>google homemini</folder>
	<filename>000000105.PNG</filename>
	<path>C:\Users\dell\Pictures\google homemini\000000105.PNG</path>
	<source>
		<database>Unknown</database>
	</source>
	<size>
		<width>712</width>
		<height>723</height>
		<depth>3</depth>
	</size>
	<segmented>0</segmented>
	<object>
		<name>google homemini</name>
		<pose>Unspecified</pose>
		<truncated>0</truncated>
		<difficult>0</difficult>
		<bndbox>
			<xmin>51</xmin>
			<ymin>255</ymin>
			<xmax>399</xmax>
			<ymax>595</ymax>
		</bndbox>
	</object>
</annotation>
