<annotation>
	<folder>google homemini</folder>
	<filename>00000092.PNG</filename>
	<path>C:\Users\dell\Pictures\google homemini\00000092.PNG</path>
	<source>
		<database>Unknown</database>
	</source>
	<size>
		<width>739</width>
		<height>466</height>
		<depth>3</depth>
	</size>
	<segmented>0</segmented>
	<object>
		<name>google homemini</name>
		<pose>Unspecified</pose>
		<truncated>0</truncated>
		<difficult>0</difficult>
		<bndbox>
			<xmin>447</xmin>
			<ymin>197</ymin>
			<xmax>659</xmax>
			<ymax>368</ymax>
		</bndbox>
	</object>
</annotation>
