<annotation>
	<folder>google homemini</folder>
	<filename>00000091.PNG</filename>
	<path>C:\Users\dell\Pictures\google homemini\00000091.PNG</path>
	<source>
		<database>Unknown</database>
	</source>
	<size>
		<width>698</width>
		<height>651</height>
		<depth>3</depth>
	</size>
	<segmented>0</segmented>
	<object>
		<name>google homemini</name>
		<pose>Unspecified</pose>
		<truncated>0</truncated>
		<difficult>0</difficult>
		<bndbox>
			<xmin>207</xmin>
			<ymin>259</ymin>
			<xmax>575</xmax>
			<ymax>530</ymax>
		</bndbox>
	</object>
</annotation>
