<annotation>
	<folder>google homemini</folder>
	<filename>00000086.PNG</filename>
	<path>C:\Users\dell\Pictures\google homemini\00000086.PNG</path>
	<source>
		<database>Unknown</database>
	</source>
	<size>
		<width>482</width>
		<height>621</height>
		<depth>3</depth>
	</size>
	<segmented>0</segmented>
	<object>
		<name>google homemini</name>
		<pose>Unspecified</pose>
		<truncated>0</truncated>
		<difficult>0</difficult>
		<bndbox>
			<xmin>143</xmin>
			<ymin>318</ymin>
			<xmax>441</xmax>
			<ymax>472</ymax>
		</bndbox>
	</object>
</annotation>
