<annotation>
	<folder>google homemini</folder>
	<filename>000000115.PNG</filename>
	<path>C:\Users\dell\Pictures\google homemini\000000115.PNG</path>
	<source>
		<database>Unknown</database>
	</source>
	<size>
		<width>765</width>
		<height>484</height>
		<depth>3</depth>
	</size>
	<segmented>0</segmented>
	<object>
		<name>google homemini</name>
		<pose>Unspecified</pose>
		<truncated>0</truncated>
		<difficult>0</difficult>
		<bndbox>
			<xmin>91</xmin>
			<ymin>56</ymin>
			<xmax>600</xmax>
			<ymax>469</ymax>
		</bndbox>
	</object>
</annotation>
