<annotation>
	<folder>google homemini</folder>
	<filename>00000076.PNG</filename>
	<path>C:\Users\dell\Pictures\google homemini\00000076.PNG</path>
	<source>
		<database>Unknown</database>
	</source>
	<size>
		<width>692</width>
		<height>690</height>
		<depth>3</depth>
	</size>
	<segmented>0</segmented>
	<object>
		<name>google homemini</name>
		<pose>Unspecified</pose>
		<truncated>0</truncated>
		<difficult>0</difficult>
		<bndbox>
			<xmin>226</xmin>
			<ymin>407</ymin>
			<xmax>433</xmax>
			<ymax>606</ymax>
		</bndbox>
	</object>
</annotation>
