<annotation>
	<folder>google homemini</folder>
	<filename>00000094.PNG</filename>
	<path>C:\Users\dell\Pictures\google homemini\00000094.PNG</path>
	<source>
		<database>Unknown</database>
	</source>
	<size>
		<width>697</width>
		<height>686</height>
		<depth>3</depth>
	</size>
	<segmented>0</segmented>
	<object>
		<name>google homemini</name>
		<pose>Unspecified</pose>
		<truncated>0</truncated>
		<difficult>0</difficult>
		<bndbox>
			<xmin>366</xmin>
			<ymin>419</ymin>
			<xmax>676</xmax>
			<ymax>668</ymax>
		</bndbox>
	</object>
</annotation>
