<annotation>
	<folder>google homemini</folder>
	<filename>000000101.PNG</filename>
	<path>C:\Users\dell\Pictures\google homemini\000000101.PNG</path>
	<source>
		<database>Unknown</database>
	</source>
	<size>
		<width>684</width>
		<height>612</height>
		<depth>3</depth>
	</size>
	<segmented>0</segmented>
	<object>
		<name>google homemini</name>
		<pose>Unspecified</pose>
		<truncated>0</truncated>
		<difficult>0</difficult>
		<bndbox>
			<xmin>5</xmin>
			<ymin>58</ymin>
			<xmax>490</xmax>
			<ymax>409</ymax>
		</bndbox>
	</object>
</annotation>
