<annotation>
	<folder>google homemini</folder>
	<filename>00000082.PNG</filename>
	<path>C:\Users\dell\Pictures\google homemini\00000082.PNG</path>
	<source>
		<database>Unknown</database>
	</source>
	<size>
		<width>712</width>
		<height>408</height>
		<depth>3</depth>
	</size>
	<segmented>0</segmented>
	<object>
		<name>google homemini</name>
		<pose>Unspecified</pose>
		<truncated>0</truncated>
		<difficult>0</difficult>
		<bndbox>
			<xmin>274</xmin>
			<ymin>103</ymin>
			<xmax>517</xmax>
			<ymax>363</ymax>
		</bndbox>
	</object>
</annotation>
