<annotation>
	<folder>google homemini</folder>
	<filename>00000049.PNG</filename>
	<path>C:\Users\dell\Pictures\google homemini\00000049.PNG</path>
	<source>
		<database>Unknown</database>
	</source>
	<size>
		<width>667</width>
		<height>570</height>
		<depth>3</depth>
	</size>
	<segmented>0</segmented>
	<object>
		<name>google homemini</name>
		<pose>Unspecified</pose>
		<truncated>0</truncated>
		<difficult>0</difficult>
		<bndbox>
			<xmin>333</xmin>
			<ymin>76</ymin>
			<xmax>557</xmax>
			<ymax>256</ymax>
		</bndbox>
	</object>
</annotation>
