<annotation>
	<folder>google homemini</folder>
	<filename>00000067.PNG</filename>
	<path>C:\Users\dell\Pictures\google homemini\00000067.PNG</path>
	<source>
		<database>Unknown</database>
	</source>
	<size>
		<width>754</width>
		<height>678</height>
		<depth>3</depth>
	</size>
	<segmented>0</segmented>
	<object>
		<name>google homemini</name>
		<pose>Unspecified</pose>
		<truncated>0</truncated>
		<difficult>0</difficult>
		<bndbox>
			<xmin>136</xmin>
			<ymin>134</ymin>
			<xmax>753</xmax>
			<ymax>598</ymax>
		</bndbox>
	</object>
</annotation>
