<annotation>
	<folder>google homemini</folder>
	<filename>00000048.PNG</filename>
	<path>C:\Users\dell\Pictures\google homemini\00000048.PNG</path>
	<source>
		<database>Unknown</database>
	</source>
	<size>
		<width>758</width>
		<height>750</height>
		<depth>3</depth>
	</size>
	<segmented>0</segmented>
	<object>
		<name>google homemini</name>
		<pose>Unspecified</pose>
		<truncated>0</truncated>
		<difficult>0</difficult>
		<bndbox>
			<xmin>354</xmin>
			<ymin>339</ymin>
			<xmax>663</xmax>
			<ymax>653</ymax>
		</bndbox>
	</object>
</annotation>
