<annotation>
	<folder>google homemini</folder>
	<filename>00000064.PNG</filename>
	<path>C:\Users\dell\Pictures\google homemini\00000064.PNG</path>
	<source>
		<database>Unknown</database>
	</source>
	<size>
		<width>656</width>
		<height>694</height>
		<depth>3</depth>
	</size>
	<segmented>0</segmented>
	<object>
		<name>google homemini</name>
		<pose>Unspecified</pose>
		<truncated>0</truncated>
		<difficult>0</difficult>
		<bndbox>
			<xmin>116</xmin>
			<ymin>156</ymin>
			<xmax>599</xmax>
			<ymax>651</ymax>
		</bndbox>
	</object>
</annotation>
