<annotation>
	<folder>google homemini</folder>
	<filename>00000046.jpg</filename>
	<path>C:\Users\dell\Pictures\google homemini\00000046.jpg</path>
	<source>
		<database>Unknown</database>
	</source>
	<size>
		<width>307</width>
		<height>154</height>
		<depth>3</depth>
	</size>
	<segmented>0</segmented>
	<object>
		<name>google homemini</name>
		<pose>Unspecified</pose>
		<truncated>0</truncated>
		<difficult>0</difficult>
		<bndbox>
			<xmin>146</xmin>
			<ymin>40</ymin>
			<xmax>204</xmax>
			<ymax>99</ymax>
		</bndbox>
	</object>
</annotation>
