<annotation>
	<folder>google homemini</folder>
	<filename>00000053.PNG</filename>
	<path>C:\Users\dell\Pictures\google homemini\00000053.PNG</path>
	<source>
		<database>Unknown</database>
	</source>
	<size>
		<width>681</width>
		<height>283</height>
		<depth>3</depth>
	</size>
	<segmented>0</segmented>
	<object>
		<name>google homemini</name>
		<pose>Unspecified</pose>
		<truncated>0</truncated>
		<difficult>0</difficult>
		<bndbox>
			<xmin>348</xmin>
			<ymin>59</ymin>
			<xmax>531</xmax>
			<ymax>188</ymax>
		</bndbox>
	</object>
</annotation>
