<annotation>
	<folder>google homemini</folder>
	<filename>00000056.PNG</filename>
	<path>C:\Users\dell\Pictures\google homemini\00000056.PNG</path>
	<source>
		<database>Unknown</database>
	</source>
	<size>
		<width>566</width>
		<height>570</height>
		<depth>3</depth>
	</size>
	<segmented>0</segmented>
	<object>
		<name>google homemini</name>
		<pose>Unspecified</pose>
		<truncated>0</truncated>
		<difficult>0</difficult>
		<bndbox>
			<xmin>205</xmin>
			<ymin>400</ymin>
			<xmax>433</xmax>
			<ymax>532</ymax>
		</bndbox>
	</object>
</annotation>
