<annotation>
	<folder>google homemini</folder>
	<filename>00000068.PNG</filename>
	<path>C:\Users\dell\Pictures\google homemini\00000068.PNG</path>
	<source>
		<database>Unknown</database>
	</source>
	<size>
		<width>674</width>
		<height>627</height>
		<depth>3</depth>
	</size>
	<segmented>0</segmented>
	<object>
		<name>google homemini</name>
		<pose>Unspecified</pose>
		<truncated>0</truncated>
		<difficult>0</difficult>
		<bndbox>
			<xmin>3</xmin>
			<ymin>94</ymin>
			<xmax>663</xmax>
			<ymax>596</ymax>
		</bndbox>
	</object>
</annotation>
