<annotation>
	<folder>google homemini</folder>
	<filename>00000050.PNG</filename>
	<path>C:\Users\dell\Pictures\google homemini\00000050.PNG</path>
	<source>
		<database>Unknown</database>
	</source>
	<size>
		<width>713</width>
		<height>598</height>
		<depth>3</depth>
	</size>
	<segmented>0</segmented>
	<object>
		<name>google homemini</name>
		<pose>Unspecified</pose>
		<truncated>0</truncated>
		<difficult>0</difficult>
		<bndbox>
			<xmin>298</xmin>
			<ymin>198</ymin>
			<xmax>646</xmax>
			<ymax>402</ymax>
		</bndbox>
	</object>
</annotation>
