<annotation>
	<folder>google homemini</folder>
	<filename>00000052.PNG</filename>
	<path>C:\Users\dell\Pictures\google homemini\00000052.PNG</path>
	<source>
		<database>Unknown</database>
	</source>
	<size>
		<width>656</width>
		<height>645</height>
		<depth>3</depth>
	</size>
	<segmented>0</segmented>
	<object>
		<name>google homemini</name>
		<pose>Unspecified</pose>
		<truncated>0</truncated>
		<difficult>0</difficult>
		<bndbox>
			<xmin>197</xmin>
			<ymin>298</ymin>
			<xmax>519</xmax>
			<ymax>615</ymax>
		</bndbox>
	</object>
</annotation>
