<annotation>
	<folder>google homemini</folder>
	<filename>00000060.PNG</filename>
	<path>C:\Users\dell\Pictures\google homemini\00000060.PNG</path>
	<source>
		<database>Unknown</database>
	</source>
	<size>
		<width>753</width>
		<height>642</height>
		<depth>3</depth>
	</size>
	<segmented>0</segmented>
	<object>
		<name>google homemini</name>
		<pose>Unspecified</pose>
		<truncated>1</truncated>
		<difficult>0</difficult>
		<bndbox>
			<xmin>1</xmin>
			<ymin>5</ymin>
			<xmax>753</xmax>
			<ymax>639</ymax>
		</bndbox>
	</object>
</annotation>
