<annotation>
	<folder>google homemini</folder>
	<filename>00000066.PNG</filename>
	<path>C:\Users\dell\Pictures\google homemini\00000066.PNG</path>
	<source>
		<database>Unknown</database>
	</source>
	<size>
		<width>582</width>
		<height>732</height>
		<depth>3</depth>
	</size>
	<segmented>0</segmented>
	<object>
		<name>google homemini</name>
		<pose>Unspecified</pose>
		<truncated>0</truncated>
		<difficult>0</difficult>
		<bndbox>
			<xmin>70</xmin>
			<ymin>322</ymin>
			<xmax>343</xmax>
			<ymax>563</ymax>
		</bndbox>
	</object>
</annotation>
