<annotation>
	<folder>google homemini</folder>
	<filename>00000063.PNG</filename>
	<path>C:\Users\dell\Pictures\google homemini\00000063.PNG</path>
	<source>
		<database>Unknown</database>
	</source>
	<size>
		<width>729</width>
		<height>729</height>
		<depth>3</depth>
	</size>
	<segmented>0</segmented>
	<object>
		<name>google homemini</name>
		<pose>Unspecified</pose>
		<truncated>1</truncated>
		<difficult>0</difficult>
		<bndbox>
			<xmin>111</xmin>
			<ymin>1</ymin>
			<xmax>578</xmax>
			<ymax>174</ymax>
		</bndbox>
	</object>
</annotation>
