<annotation>
	<folder>google homemini</folder>
	<filename>00000062.PNG</filename>
	<path>C:\Users\dell\Pictures\google homemini\00000062.PNG</path>
	<source>
		<database>Unknown</database>
	</source>
	<size>
		<width>725</width>
		<height>650</height>
		<depth>3</depth>
	</size>
	<segmented>0</segmented>
	<object>
		<name>google homemini</name>
		<pose>Unspecified</pose>
		<truncated>0</truncated>
		<difficult>0</difficult>
		<bndbox>
			<xmin>125</xmin>
			<ymin>257</ymin>
			<xmax>482</xmax>
			<ymax>524</ymax>
		</bndbox>
	</object>
</annotation>
