<annotation>
	<folder>alexa echodot</folder>
	<filename>000000027.PNG</filename>
	<path>C:\Users\dell\Pictures\alexa echodot\000000027.PNG</path>
	<source>
		<database>Unknown</database>
	</source>
	<size>
		<width>661</width>
		<height>647</height>
		<depth>3</depth>
	</size>
	<segmented>0</segmented>
	<object>
		<name>alexa echodot</name>
		<pose>Unspecified</pose>
		<truncated>0</truncated>
		<difficult>0</difficult>
		<bndbox>
			<xmin>179</xmin>
			<ymin>88</ymin>
			<xmax>504</xmax>
			<ymax>389</ymax>
		</bndbox>
	</object>
</annotation>
