<annotation>
	<folder>alexa echodot</folder>
	<filename>000000028.PNG</filename>
	<path>C:\Users\dell\Pictures\alexa echodot\000000028.PNG</path>
	<source>
		<database>Unknown</database>
	</source>
	<size>
		<width>705</width>
		<height>391</height>
		<depth>3</depth>
	</size>
	<segmented>0</segmented>
	<object>
		<name>alexa echodot</name>
		<pose>Unspecified</pose>
		<truncated>0</truncated>
		<difficult>0</difficult>
		<bndbox>
			<xmin>330</xmin>
			<ymin>101</ymin>
			<xmax>689</xmax>
			<ymax>384</ymax>
		</bndbox>
	</object>
</annotation>
