<annotation>
	<folder>alexa echodot</folder>
	<filename>000000023.PNG</filename>
	<path>C:\Users\dell\Pictures\alexa echodot\000000023.PNG</path>
	<source>
		<database>Unknown</database>
	</source>
	<size>
		<width>709</width>
		<height>717</height>
		<depth>3</depth>
	</size>
	<segmented>0</segmented>
	<object>
		<name>alexa echodot</name>
		<pose>Unspecified</pose>
		<truncated>0</truncated>
		<difficult>0</difficult>
		<bndbox>
			<xmin>46</xmin>
			<ymin>260</ymin>
			<xmax>516</xmax>
			<ymax>644</ymax>
		</bndbox>
	</object>
</annotation>
