<annotation>
	<folder>alexa echodot</folder>
	<filename>000000033.PNG</filename>
	<path>C:\Users\dell\Pictures\alexa echodot\000000033.PNG</path>
	<source>
		<database>Unknown</database>
	</source>
	<size>
		<width>651</width>
		<height>389</height>
		<depth>3</depth>
	</size>
	<segmented>0</segmented>
	<object>
		<name>alexa echodot</name>
		<pose>Unspecified</pose>
		<truncated>0</truncated>
		<difficult>0</difficult>
		<bndbox>
			<xmin>54</xmin>
			<ymin>99</ymin>
			<xmax>281</xmax>
			<ymax>321</ymax>
		</bndbox>
	</object>
</annotation>
