<annotation>
	<folder>alexa echodot</folder>
	<filename>000000018.PNG</filename>
	<path>C:\Users\dell\Pictures\alexa echodot\000000018.PNG</path>
	<source>
		<database>Unknown</database>
	</source>
	<size>
		<width>579</width>
		<height>699</height>
		<depth>3</depth>
	</size>
	<segmented>0</segmented>
	<object>
		<name>alexa echodot</name>
		<pose>Unspecified</pose>
		<truncated>0</truncated>
		<difficult>0</difficult>
		<bndbox>
			<xmin>289</xmin>
			<ymin>274</ymin>
			<xmax>548</xmax>
			<ymax>477</ymax>
		</bndbox>
	</object>
</annotation>
