<annotation>
	<folder>alexa echodot</folder>
	<filename>000000021.PNG</filename>
	<path>C:\Users\dell\Pictures\alexa echodot\000000021.PNG</path>
	<source>
		<database>Unknown</database>
	</source>
	<size>
		<width>743</width>
		<height>731</height>
		<depth>3</depth>
	</size>
	<segmented>0</segmented>
	<object>
		<name>alexa echodot</name>
		<pose>Unspecified</pose>
		<truncated>0</truncated>
		<difficult>0</difficult>
		<bndbox>
			<xmin>136</xmin>
			<ymin>257</ymin>
			<xmax>691</xmax>
			<ymax>586</ymax>
		</bndbox>
	</object>
</annotation>
