<annotation>
	<folder>alexa echodot</folder>
	<filename>000000031.PNG</filename>
	<path>C:\Users\dell\Pictures\alexa echodot\000000031.PNG</path>
	<source>
		<database>Unknown</database>
	</source>
	<size>
		<width>452</width>
		<height>302</height>
		<depth>3</depth>
	</size>
	<segmented>0</segmented>
	<object>
		<name>alexa echodot</name>
		<pose>Unspecified</pose>
		<truncated>0</truncated>
		<difficult>0</difficult>
		<bndbox>
			<xmin>257</xmin>
			<ymin>244</ymin>
			<xmax>326</xmax>
			<ymax>289</ymax>
		</bndbox>
	</object>
</annotation>
