<annotation>
	<folder>alexa echodot</folder>
	<filename>000000037.PNG</filename>
	<path>C:\Users\dell\Pictures\alexa echodot\000000037.PNG</path>
	<source>
		<database>Unknown</database>
	</source>
	<size>
		<width>689</width>
		<height>590</height>
		<depth>3</depth>
	</size>
	<segmented>0</segmented>
	<object>
		<name>alexa echodot</name>
		<pose>Unspecified</pose>
		<truncated>0</truncated>
		<difficult>0</difficult>
		<bndbox>
			<xmin>170</xmin>
			<ymin>105</ymin>
			<xmax>520</xmax>
			<ymax>307</ymax>
		</bndbox>
	</object>
	<object>
		<name>alexa echodot</name>
		<pose>Unspecified</pose>
		<truncated>1</truncated>
		<difficult>0</difficult>
		<bndbox>
			<xmin>1</xmin>
			<ymin>312</ymin>
			<xmax>345</xmax>
			<ymax>512</ymax>
		</bndbox>
	</object>
	<object>
		<name>alexa echodot</name>
		<pose>Unspecified</pose>
		<truncated>1</truncated>
		<difficult>0</difficult>
		<bndbox>
			<xmin>348</xmin>
			<ymin>313</ymin>
			<xmax>689</xmax>
			<ymax>514</ymax>
		</bndbox>
	</object>
</annotation>
