<annotation>
	<folder>alexa echodot</folder>
	<filename>000000022.PNG</filename>
	<path>C:\Users\dell\Pictures\alexa echodot\000000022.PNG</path>
	<source>
		<database>Unknown</database>
	</source>
	<size>
		<width>664</width>
		<height>683</height>
		<depth>3</depth>
	</size>
	<segmented>0</segmented>
	<object>
		<name>alexa echodot</name>
		<pose>Unspecified</pose>
		<truncated>0</truncated>
		<difficult>0</difficult>
		<bndbox>
			<xmin>227</xmin>
			<ymin>386</ymin>
			<xmax>520</xmax>
			<ymax>633</ymax>
		</bndbox>
	</object>
</annotation>
