<annotation>
	<folder>alexa echodot</folder>
	<filename>000000020.PNG</filename>
	<path>C:\Users\dell\Pictures\alexa echodot\000000020.PNG</path>
	<source>
		<database>Unknown</database>
	</source>
	<size>
		<width>594</width>
		<height>589</height>
		<depth>3</depth>
	</size>
	<segmented>0</segmented>
	<object>
		<name>alexa echodot</name>
		<pose>Unspecified</pose>
		<truncated>0</truncated>
		<difficult>0</difficult>
		<bndbox>
			<xmin>43</xmin>
			<ymin>107</ymin>
			<xmax>538</xmax>
			<ymax>543</ymax>
		</bndbox>
	</object>
</annotation>
