<annotation>
	<folder>alexa echodot</folder>
	<filename>000000042.PNG</filename>
	<path>C:\Users\dell\Pictures\alexa echodot\000000042.PNG</path>
	<source>
		<database>Unknown</database>
	</source>
	<size>
		<width>951</width>
		<height>588</height>
		<depth>3</depth>
	</size>
	<segmented>0</segmented>
	<object>
		<name>alexa echodot</name>
		<pose>Unspecified</pose>
		<truncated>0</truncated>
		<difficult>0</difficult>
		<bndbox>
			<xmin>165</xmin>
			<ymin>48</ymin>
			<xmax>805</xmax>
			<ymax>528</ymax>
		</bndbox>
	</object>
</annotation>
