<annotation>
	<folder>alexa echodot</folder>
	<filename>000000017.PNG</filename>
	<path>C:\Users\dell\Pictures\alexa echodot\000000017.PNG</path>
	<source>
		<database>Unknown</database>
	</source>
	<size>
		<width>698</width>
		<height>574</height>
		<depth>3</depth>
	</size>
	<segmented>0</segmented>
	<object>
		<name>alexa echodot</name>
		<pose>Unspecified</pose>
		<truncated>0</truncated>
		<difficult>0</difficult>
		<bndbox>
			<xmin>387</xmin>
			<ymin>337</ymin>
			<xmax>590</xmax>
			<ymax>483</ymax>
		</bndbox>
	</object>
</annotation>
