<annotation>
	<folder>alexa echodot</folder>
	<filename>000000035.PNG</filename>
	<path>C:\Users\dell\Pictures\alexa echodot\000000035.PNG</path>
	<source>
		<database>Unknown</database>
	</source>
	<size>
		<width>957</width>
		<height>467</height>
		<depth>3</depth>
	</size>
	<segmented>0</segmented>
	<object>
		<name>alexa echodot</name>
		<pose>Unspecified</pose>
		<truncated>0</truncated>
		<difficult>0</difficult>
		<bndbox>
			<xmin>170</xmin>
			<ymin>52</ymin>
			<xmax>801</xmax>
			<ymax>390</ymax>
		</bndbox>
	</object>
</annotation>
