<annotation>
	<folder>alexa echodot</folder>
	<filename>000000010.PNG</filename>
	<path>C:\Users\dell\Pictures\alexa echodot\000000010.PNG</path>
	<source>
		<database>Unknown</database>
	</source>
	<size>
		<width>612</width>
		<height>593</height>
		<depth>3</depth>
	</size>
	<segmented>0</segmented>
	<object>
		<name>alexa echodot</name>
		<pose>Unspecified</pose>
		<truncated>0</truncated>
		<difficult>0</difficult>
		<bndbox>
			<xmin>221</xmin>
			<ymin>298</ymin>
			<xmax>606</xmax>
			<ymax>521</ymax>
		</bndbox>
	</object>
</annotation>
