<annotation>
	<folder>alexa echodot</folder>
	<filename>00000001.PNG</filename>
	<path>C:\Users\dell\Pictures\alexa echodot\00000001.PNG</path>
	<source>
		<database>Unknown</database>
	</source>
	<size>
		<width>764</width>
		<height>622</height>
		<depth>3</depth>
	</size>
	<segmented>0</segmented>
	<object>
		<name>alexa echodot</name>
		<pose>Unspecified</pose>
		<truncated>1</truncated>
		<difficult>0</difficult>
		<bndbox>
			<xmin>762</xmin>
			<ymin>618</ymin>
			<xmax>764</xmax>
			<ymax>621</ymax>
		</bndbox>
	</object>
</annotation>
