<annotation>
	<folder>alexa echodot</folder>
	<filename>000000024.PNG</filename>
	<path>C:\Users\dell\Pictures\alexa echodot\000000024.PNG</path>
	<source>
		<database>Unknown</database>
	</source>
	<size>
		<width>723</width>
		<height>411</height>
		<depth>3</depth>
	</size>
	<segmented>0</segmented>
	<object>
		<name>alexa echodot</name>
		<pose>Unspecified</pose>
		<truncated>0</truncated>
		<difficult>0</difficult>
		<bndbox>
			<xmin>80</xmin>
			<ymin>200</ymin>
			<xmax>355</xmax>
			<ymax>392</ymax>
		</bndbox>
	</object>
</annotation>
