<annotation>
	<folder>alexa echodot</folder>
	<filename>000000034.PNG</filename>
	<path>C:\Users\dell\Pictures\alexa echodot\000000034.PNG</path>
	<source>
		<database>Unknown</database>
	</source>
	<size>
		<width>874</width>
		<height>604</height>
		<depth>3</depth>
	</size>
	<segmented>0</segmented>
	<object>
		<name>alexa echodot</name>
		<pose>Unspecified</pose>
		<truncated>0</truncated>
		<difficult>0</difficult>
		<bndbox>
			<xmin>410</xmin>
			<ymin>294</ymin>
			<xmax>735</xmax>
			<ymax>572</ymax>
		</bndbox>
	</object>
</annotation>
