<annotation>
	<folder>alexa echodot</folder>
	<filename>000000011.PNG</filename>
	<path>C:\Users\dell\Pictures\alexa echodot\000000011.PNG</path>
	<source>
		<database>Unknown</database>
	</source>
	<size>
		<width>692</width>
		<height>686</height>
		<depth>3</depth>
	</size>
	<segmented>0</segmented>
	<object>
		<name>alexa echodot</name>
		<pose>Unspecified</pose>
		<truncated>1</truncated>
		<difficult>0</difficult>
		<bndbox>
			<xmin>3</xmin>
			<ymin>21</ymin>
			<xmax>652</xmax>
			<ymax>686</ymax>
		</bndbox>
	</object>
</annotation>
