<annotation>
	<folder>alexa echodot</folder>
	<filename>00000005.jpg</filename>
	<path>C:\Users\dell\Pictures\alexa echodot\00000005.jpg</path>
	<source>
		<database>Unknown</database>
	</source>
	<size>
		<width>407</width>
		<height>218</height>
		<depth>3</depth>
	</size>
	<segmented>0</segmented>
	<object>
		<name>alexa echodot</name>
		<pose>Unspecified</pose>
		<truncated>1</truncated>
		<difficult>0</difficult>
		<bndbox>
			<xmin>16</xmin>
			<ymin>1</ymin>
			<xmax>345</xmax>
			<ymax>194</ymax>
		</bndbox>
	</object>
</annotation>
