<annotation>
	<folder>alexa echodot</folder>
	<filename>000000026.PNG</filename>
	<path>C:\Users\dell\Pictures\alexa echodot\000000026.PNG</path>
	<source>
		<database>Unknown</database>
	</source>
	<size>
		<width>617</width>
		<height>593</height>
		<depth>3</depth>
	</size>
	<segmented>0</segmented>
	<object>
		<name>alexa echodot</name>
		<pose>Unspecified</pose>
		<truncated>0</truncated>
		<difficult>0</difficult>
		<bndbox>
			<xmin>111</xmin>
			<ymin>109</ymin>
			<xmax>503</xmax>
			<ymax>463</ymax>
		</bndbox>
	</object>
</annotation>
