<annotation>
	<folder>alexa echodot</folder>
	<filename>000000041.PNG</filename>
	<path>C:\Users\dell\Pictures\alexa echodot\000000041.PNG</path>
	<source>
		<database>Unknown</database>
	</source>
	<size>
		<width>1065</width>
		<height>584</height>
		<depth>3</depth>
	</size>
	<segmented>0</segmented>
	<object>
		<name>alexa echodot</name>
		<pose>Unspecified</pose>
		<truncated>0</truncated>
		<difficult>0</difficult>
		<bndbox>
			<xmin>785</xmin>
			<ymin>298</ymin>
			<xmax>1037</xmax>
			<ymax>451</ymax>
		</bndbox>
	</object>
</annotation>
