<annotation>
	<folder>alexa echodot</folder>
	<filename>000000036.PNG</filename>
	<path>C:\Users\dell\Pictures\alexa echodot\000000036.PNG</path>
	<source>
		<database>Unknown</database>
	</source>
	<size>
		<width>1084</width>
		<height>589</height>
		<depth>3</depth>
	</size>
	<segmented>0</segmented>
	<object>
		<name>alexa echodot</name>
		<pose>Unspecified</pose>
		<truncated>0</truncated>
		<difficult>0</difficult>
		<bndbox>
			<xmin>497</xmin>
			<ymin>136</ymin>
			<xmax>954</xmax>
			<ymax>509</ymax>
		</bndbox>
	</object>
</annotation>
