<annotation>
	<folder>alexa echodot</folder>
	<filename>000000013.jpg</filename>
	<path>C:\Users\dell\Pictures\alexa echodot\000000013.jpg</path>
	<source>
		<database>Unknown</database>
	</source>
	<size>
		<width>469</width>
		<height>218</height>
		<depth>3</depth>
	</size>
	<segmented>0</segmented>
	<object>
		<name>alexa echodot</name>
		<pose>Unspecified</pose>
		<truncated>0</truncated>
		<difficult>0</difficult>
		<bndbox>
			<xmin>15</xmin>
			<ymin>63</ymin>
			<xmax>249</xmax>
			<ymax>198</ymax>
		</bndbox>
	</object>
</annotation>
