<annotation>
	<folder>alexa echodot</folder>
	<filename>000000043.jpg</filename>
	<path>C:\Users\dell\Pictures\alexa echodot\000000043.jpg</path>
	<source>
		<database>Unknown</database>
	</source>
	<size>
		<width>474</width>
		<height>218</height>
		<depth>3</depth>
	</size>
	<segmented>0</segmented>
	<object>
		<name>alexa echodot</name>
		<pose>Unspecified</pose>
		<truncated>0</truncated>
		<difficult>0</difficult>
		<bndbox>
			<xmin>13</xmin>
			<ymin>58</ymin>
			<xmax>257</xmax>
			<ymax>200</ymax>
		</bndbox>
	</object>
</annotation>
