<annotation>
	<folder>alexa echodot</folder>
	<filename>000000016.PNG</filename>
	<path>C:\Users\dell\Pictures\alexa echodot\000000016.PNG</path>
	<source>
		<database>Unknown</database>
	</source>
	<size>
		<width>741</width>
		<height>409</height>
		<depth>3</depth>
	</size>
	<segmented>0</segmented>
	<object>
		<name>alexa echodot</name>
		<pose>Unspecified</pose>
		<truncated>0</truncated>
		<difficult>0</difficult>
		<bndbox>
			<xmin>102</xmin>
			<ymin>247</ymin>
			<xmax>259</xmax>
			<ymax>320</ymax>
		</bndbox>
	</object>
	<object>
		<name>alexa echodot</name>
		<pose>Unspecified</pose>
		<truncated>0</truncated>
		<difficult>0</difficult>
		<bndbox>
			<xmin>485</xmin>
			<ymin>250</ymin>
			<xmax>635</xmax>
			<ymax>320</ymax>
		</bndbox>
	</object>
</annotation>
