<annotation>
	<folder>alexa echodot</folder>
	<filename>000000032.PNG</filename>
	<path>C:\Users\dell\Pictures\alexa echodot\000000032.PNG</path>
	<source>
		<database>Unknown</database>
	</source>
	<size>
		<width>553</width>
		<height>374</height>
		<depth>3</depth>
	</size>
	<segmented>0</segmented>
	<object>
		<name>alexa echodot</name>
		<pose>Unspecified</pose>
		<truncated>0</truncated>
		<difficult>0</difficult>
		<bndbox>
			<xmin>59</xmin>
			<ymin>134</ymin>
			<xmax>308</xmax>
			<ymax>347</ymax>
		</bndbox>
	</object>
</annotation>
