<annotation>
	<folder>alexa echodot</folder>
	<filename>00000008.PNG</filename>
	<path>C:\Users\dell\Pictures\alexa echodot\00000008.PNG</path>
	<source>
		<database>Unknown</database>
	</source>
	<size>
		<width>1245</width>
		<height>554</height>
		<depth>3</depth>
	</size>
	<segmented>0</segmented>
	<object>
		<name>alexa echodot</name>
		<pose>Unspecified</pose>
		<truncated>0</truncated>
		<difficult>0</difficult>
		<bndbox>
			<xmin>100</xmin>
			<ymin>4</ymin>
			<xmax>972</xmax>
			<ymax>535</ymax>
		</bndbox>
	</object>
</annotation>
