<annotation>
	<folder>alexa echodot</folder>
	<filename>000000038.jpg</filename>
	<path>C:\Users\dell\Pictures\alexa echodot\000000038.jpg</path>
	<source>
		<database>Unknown</database>
	</source>
	<size>
		<width>407</width>
		<height>218</height>
		<depth>3</depth>
	</size>
	<segmented>0</segmented>
	<object>
		<name>alexa echodot</name>
		<pose>Unspecified</pose>
		<truncated>0</truncated>
		<difficult>0</difficult>
		<bndbox>
			<xmin>19</xmin>
			<ymin>3</ymin>
			<xmax>345</xmax>
			<ymax>191</ymax>
		</bndbox>
	</object>
</annotation>
