<annotation>
	<folder>alexa echodot</folder>
	<filename>000000029.PNG</filename>
	<path>C:\Users\dell\Pictures\alexa echodot\000000029.PNG</path>
	<source>
		<database>Unknown</database>
	</source>
	<size>
		<width>752</width>
		<height>722</height>
		<depth>3</depth>
	</size>
	<segmented>0</segmented>
	<object>
		<name>alexa echodot</name>
		<pose>Unspecified</pose>
		<truncated>1</truncated>
		<difficult>0</difficult>
		<bndbox>
			<xmin>1</xmin>
			<ymin>54</ymin>
			<xmax>429</xmax>
			<ymax>333</ymax>
		</bndbox>
	</object>
</annotation>
