<annotation>
	<folder>alexa echodot</folder>
	<filename>000000019.PNG</filename>
	<path>C:\Users\dell\Pictures\alexa echodot\000000019.PNG</path>
	<source>
		<database>Unknown</database>
	</source>
	<size>
		<width>706</width>
		<height>624</height>
		<depth>3</depth>
	</size>
	<segmented>0</segmented>
	<object>
		<name>alexa echodot</name>
		<pose>Unspecified</pose>
		<truncated>0</truncated>
		<difficult>0</difficult>
		<bndbox>
			<xmin>185</xmin>
			<ymin>385</ymin>
			<xmax>561</xmax>
			<ymax>584</ymax>
		</bndbox>
	</object>
</annotation>
