<annotation>
	<folder>alexa echodot</folder>
	<filename>00000006.PNG</filename>
	<path>C:\Users\dell\Pictures\alexa echodot\00000006.PNG</path>
	<source>
		<database>Unknown</database>
	</source>
	<size>
		<width>783</width>
		<height>346</height>
		<depth>3</depth>
	</size>
	<segmented>0</segmented>
	<object>
		<name>alexa echodot</name>
		<pose>Unspecified</pose>
		<truncated>1</truncated>
		<difficult>0</difficult>
		<bndbox>
			<xmin>133</xmin>
			<ymin>55</ymin>
			<xmax>576</xmax>
			<ymax>346</ymax>
		</bndbox>
	</object>
</annotation>
