<annotation>
	<folder>alexa echodot</folder>
	<filename>000000030.PNG</filename>
	<path>C:\Users\dell\Pictures\alexa echodot\000000030.PNG</path>
	<source>
		<database>Unknown</database>
	</source>
	<size>
		<width>586</width>
		<height>392</height>
		<depth>3</depth>
	</size>
	<segmented>0</segmented>
	<object>
		<name>alexa echodot</name>
		<pose>Unspecified</pose>
		<truncated>0</truncated>
		<difficult>0</difficult>
		<bndbox>
			<xmin>321</xmin>
			<ymin>209</ymin>
			<xmax>531</xmax>
			<ymax>370</ymax>
		</bndbox>
	</object>
	<object>
		<name>alexa echodot</name>
		<pose>Unspecified</pose>
		<truncated>0</truncated>
		<difficult>0</difficult>
		<bndbox>
			<xmin>51</xmin>
			<ymin>119</ymin>
			<xmax>232</xmax>
			<ymax>233</ymax>
		</bndbox>
	</object>
</annotation>
