<annotation>
	<folder>alexa echodot</folder>
	<filename>00000002.PNG</filename>
	<path>C:\Users\dell\Pictures\alexa echodot\00000002.PNG</path>
	<source>
		<database>Unknown</database>
	</source>
	<size>
		<width>581</width>
		<height>532</height>
		<depth>3</depth>
	</size>
	<segmented>0</segmented>
	<object>
		<name>alexa echodot</name>
		<pose>Unspecified</pose>
		<truncated>0</truncated>
		<difficult>0</difficult>
		<bndbox>
			<xmin>22</xmin>
			<ymin>177</ymin>
			<xmax>568</xmax>
			<ymax>495</ymax>
		</bndbox>
	</object>
</annotation>
