<annotation>
	<folder>alexa echodot</folder>
	<filename>000000025.PNG</filename>
	<path>C:\Users\dell\Pictures\alexa echodot\000000025.PNG</path>
	<source>
		<database>Unknown</database>
	</source>
	<size>
		<width>708</width>
		<height>393</height>
		<depth>3</depth>
	</size>
	<segmented>0</segmented>
	<object>
		<name>alexa echodot</name>
		<pose>Unspecified</pose>
		<truncated>0</truncated>
		<difficult>0</difficult>
		<bndbox>
			<xmin>370</xmin>
			<ymin>125</ymin>
			<xmax>548</xmax>
			<ymax>289</ymax>
		</bndbox>
	</object>
</annotation>
