<annotation>
	<folder>alexa echodot</folder>
	<filename>00000007.PNG</filename>
	<path>C:\Users\dell\Pictures\alexa echodot\00000007.PNG</path>
	<source>
		<database>Unknown</database>
	</source>
	<size>
		<width>966</width>
		<height>523</height>
		<depth>3</depth>
	</size>
	<segmented>0</segmented>
	<object>
		<name>alexa echodot</name>
		<pose>Unspecified</pose>
		<truncated>0</truncated>
		<difficult>0</difficult>
		<bndbox>
			<xmin>113</xmin>
			<ymin>52</ymin>
			<xmax>807</xmax>
			<ymax>517</ymax>
		</bndbox>
	</object>
</annotation>
