<annotation>
	<folder>alexa echodot</folder>
	<filename>00000004.PNG</filename>
	<path>C:\Users\dell\Pictures\alexa echodot\00000004.PNG</path>
	<source>
		<database>Unknown</database>
	</source>
	<size>
		<width>1010</width>
		<height>576</height>
		<depth>3</depth>
	</size>
	<segmented>0</segmented>
	<object>
		<name>alexa echodot</name>
		<pose>Unspecified</pose>
		<truncated>0</truncated>
		<difficult>0</difficult>
		<bndbox>
			<xmin>61</xmin>
			<ymin>13</ymin>
			<xmax>993</xmax>
			<ymax>555</ymax>
		</bndbox>
	</object>
</annotation>
