<annotation>
	<folder>alexa echodot</folder>
	<filename>00000009.jpg</filename>
	<path>C:\Users\dell\Pictures\alexa echodot\00000009.jpg</path>
	<source>
		<database>Unknown</database>
	</source>
	<size>
		<width>401</width>
		<height>218</height>
		<depth>3</depth>
	</size>
	<segmented>0</segmented>
	<object>
		<name>alexa echodot</name>
		<pose>Unspecified</pose>
		<truncated>0</truncated>
		<difficult>0</difficult>
		<bndbox>
			<xmin>19</xmin>
			<ymin>2</ymin>
			<xmax>348</xmax>
			<ymax>193</ymax>
		</bndbox>
	</object>
</annotation>
