<annotation>
	<folder>alexa echodot</folder>
	<filename>000000095.PNG</filename>
	<path>C:\Users\dell\Pictures\alexa echodot\000000095.PNG</path>
	<source>
		<database>Unknown</database>
	</source>
	<size>
		<width>613</width>
		<height>886</height>
		<depth>3</depth>
	</size>
	<segmented>0</segmented>
	<object>
		<name>alexa echodot</name>
		<pose>Unspecified</pose>
		<truncated>0</truncated>
		<difficult>0</difficult>
		<bndbox>
			<xmin>131</xmin>
			<ymin>585</ymin>
			<xmax>607</xmax>
			<ymax>845</ymax>
		</bndbox>
	</object>
</annotation>
