<annotation>
	<folder>alexa echodot</folder>
	<filename>0000000104.PNG</filename>
	<path>C:\Users\dell\Pictures\alexa echodot\0000000104.PNG</path>
	<source>
		<database>Unknown</database>
	</source>
	<size>
		<width>1189</width>
		<height>645</height>
		<depth>3</depth>
	</size>
	<segmented>0</segmented>
	<object>
		<name>alexa echodot</name>
		<pose>Unspecified</pose>
		<truncated>0</truncated>
		<difficult>0</difficult>
		<bndbox>
			<xmin>662</xmin>
			<ymin>212</ymin>
			<xmax>924</xmax>
			<ymax>480</ymax>
		</bndbox>
	</object>
</annotation>
