<annotation>
	<folder>alexa echodot</folder>
	<filename>000000099.PNG</filename>
	<path>C:\Users\dell\Pictures\alexa echodot\000000099.PNG</path>
	<source>
		<database>Unknown</database>
	</source>
	<size>
		<width>1190</width>
		<height>645</height>
		<depth>3</depth>
	</size>
	<segmented>0</segmented>
	<object>
		<name>alexa echodot</name>
		<pose>Unspecified</pose>
		<truncated>0</truncated>
		<difficult>0</difficult>
		<bndbox>
			<xmin>548</xmin>
			<ymin>286</ymin>
			<xmax>897</xmax>
			<ymax>639</ymax>
		</bndbox>
	</object>
</annotation>
