<annotation>
	<folder>alexa echodot</folder>
	<filename>0000000107.PNG</filename>
	<path>C:\Users\dell\Pictures\alexa echodot\0000000107.PNG</path>
	<source>
		<database>Unknown</database>
	</source>
	<size>
		<width>1172</width>
		<height>614</height>
		<depth>3</depth>
	</size>
	<segmented>0</segmented>
	<object>
		<name>alexa echodot</name>
		<pose>Unspecified</pose>
		<truncated>0</truncated>
		<difficult>0</difficult>
		<bndbox>
			<xmin>269</xmin>
			<ymin>147</ymin>
			<xmax>912</xmax>
			<ymax>530</ymax>
		</bndbox>
	</object>
</annotation>
