<annotation>
	<folder>alexa echodot</folder>
	<filename>0000000102.PNG</filename>
	<path>C:\Users\dell\Pictures\alexa echodot\0000000102.PNG</path>
	<source>
		<database>Unknown</database>
	</source>
	<size>
		<width>1194</width>
		<height>599</height>
		<depth>3</depth>
	</size>
	<segmented>0</segmented>
	<object>
		<name>alexa echodot</name>
		<pose>Unspecified</pose>
		<truncated>0</truncated>
		<difficult>0</difficult>
		<bndbox>
			<xmin>322</xmin>
			<ymin>57</ymin>
			<xmax>750</xmax>
			<ymax>419</ymax>
		</bndbox>
	</object>
</annotation>
