<annotation>
	<folder>alexa echodot</folder>
	<filename>000000098.PNG</filename>
	<path>C:\Users\dell\Pictures\alexa echodot\000000098.PNG</path>
	<source>
		<database>Unknown</database>
	</source>
	<size>
		<width>1216</width>
		<height>642</height>
		<depth>3</depth>
	</size>
	<segmented>0</segmented>
	<object>
		<name>alexa echodot</name>
		<pose>Unspecified</pose>
		<truncated>0</truncated>
		<difficult>0</difficult>
		<bndbox>
			<xmin>761</xmin>
			<ymin>261</ymin>
			<xmax>1006</xmax>
			<ymax>515</ymax>
		</bndbox>
	</object>
</annotation>
