<annotation>
	<folder>alexa echodot</folder>
	<filename>000000090.PNG</filename>
	<path>C:\Users\dell\Pictures\alexa echodot\000000090.PNG</path>
	<source>
		<database>Unknown</database>
	</source>
	<size>
		<width>819</width>
		<height>516</height>
		<depth>3</depth>
	</size>
	<segmented>0</segmented>
	<object>
		<name>alexa echodot</name>
		<pose>Unspecified</pose>
		<truncated>0</truncated>
		<difficult>0</difficult>
		<bndbox>
			<xmin>217</xmin>
			<ymin>128</ymin>
			<xmax>639</xmax>
			<ymax>460</ymax>
		</bndbox>
	</object>
</annotation>
