<annotation>
	<folder>alexa echodot</folder>
	<filename>0000000106.PNG</filename>
	<path>C:\Users\dell\Pictures\alexa echodot\0000000106.PNG</path>
	<source>
		<database>Unknown</database>
	</source>
	<size>
		<width>954</width>
		<height>606</height>
		<depth>3</depth>
	</size>
	<segmented>0</segmented>
	<object>
		<name>alexa echodot</name>
		<pose>Unspecified</pose>
		<truncated>0</truncated>
		<difficult>0</difficult>
		<bndbox>
			<xmin>224</xmin>
			<ymin>110</ymin>
			<xmax>669</xmax>
			<ymax>543</ymax>
		</bndbox>
	</object>
</annotation>
