<annotation>
	<folder>alexa echodot</folder>
	<filename>0000000108.PNG</filename>
	<path>C:\Users\dell\Pictures\alexa echodot\0000000108.PNG</path>
	<source>
		<database>Unknown</database>
	</source>
	<size>
		<width>865</width>
		<height>503</height>
		<depth>3</depth>
	</size>
	<segmented>0</segmented>
	<object>
		<name>alexa echodot</name>
		<pose>Unspecified</pose>
		<truncated>0</truncated>
		<difficult>0</difficult>
		<bndbox>
			<xmin>191</xmin>
			<ymin>232</ymin>
			<xmax>572</xmax>
			<ymax>481</ymax>
		</bndbox>
	</object>
</annotation>
