<annotation>
	<folder>alexa echodot</folder>
	<filename>0000000101.PNG</filename>
	<path>C:\Users\dell\Pictures\alexa echodot\0000000101.PNG</path>
	<source>
		<database>Unknown</database>
	</source>
	<size>
		<width>749</width>
		<height>664</height>
		<depth>3</depth>
	</size>
	<segmented>0</segmented>
	<object>
		<name>alexa echodot</name>
		<pose>Unspecified</pose>
		<truncated>0</truncated>
		<difficult>0</difficult>
		<bndbox>
			<xmin>168</xmin>
			<ymin>331</ymin>
			<xmax>559</xmax>
			<ymax>646</ymax>
		</bndbox>
	</object>
</annotation>
