<annotation>
	<folder>alexa echodot</folder>
	<filename>000000089.PNG</filename>
	<path>C:\Users\dell\Pictures\alexa echodot\000000089.PNG</path>
	<source>
		<database>Unknown</database>
	</source>
	<size>
		<width>404</width>
		<height>552</height>
		<depth>3</depth>
	</size>
	<segmented>0</segmented>
	<object>
		<name>alexa echodot</name>
		<pose>Unspecified</pose>
		<truncated>0</truncated>
		<difficult>0</difficult>
		<bndbox>
			<xmin>89</xmin>
			<ymin>299</ymin>
			<xmax>323</xmax>
			<ymax>526</ymax>
		</bndbox>
	</object>
</annotation>
