<annotation>
	<folder>alexa echodot</folder>
	<filename>0000000110.PNG</filename>
	<path>C:\Users\dell\Pictures\alexa echodot\0000000110.PNG</path>
	<source>
		<database>Unknown</database>
	</source>
	<size>
		<width>1193</width>
		<height>654</height>
		<depth>3</depth>
	</size>
	<segmented>0</segmented>
	<object>
		<name>alexa echodot</name>
		<pose>Unspecified</pose>
		<truncated>0</truncated>
		<difficult>0</difficult>
		<bndbox>
			<xmin>560</xmin>
			<ymin>112</ymin>
			<xmax>1060</xmax>
			<ymax>587</ymax>
		</bndbox>
	</object>
</annotation>
