<annotation>
	<folder>alexa echodot</folder>
	<filename>000000093.PNG</filename>
	<path>C:\Users\dell\Pictures\alexa echodot\000000093.PNG</path>
	<source>
		<database>Unknown</database>
	</source>
	<size>
		<width>1168</width>
		<height>567</height>
		<depth>3</depth>
	</size>
	<segmented>0</segmented>
	<object>
		<name>alexa echodot</name>
		<pose>Unspecified</pose>
		<truncated>0</truncated>
		<difficult>0</difficult>
		<bndbox>
			<xmin>641</xmin>
			<ymin>214</ymin>
			<xmax>1099</xmax>
			<ymax>497</ymax>
		</bndbox>
	</object>
	<object>
		<name>alexa echodot</name>
		<pose>Unspecified</pose>
		<truncated>0</truncated>
		<difficult>0</difficult>
		<bndbox>
			<xmin>83</xmin>
			<ymin>147</ymin>
			<xmax>510</xmax>
			<ymax>396</ymax>
		</bndbox>
	</object>
</annotation>
