<annotation>
	<folder>alexa echodot</folder>
	<filename>000000094.PNG</filename>
	<path>C:\Users\dell\Pictures\alexa echodot\000000094.PNG</path>
	<source>
		<database>Unknown</database>
	</source>
	<size>
		<width>994</width>
		<height>685</height>
		<depth>3</depth>
	</size>
	<segmented>0</segmented>
	<object>
		<name>alexa echodot</name>
		<pose>Unspecified</pose>
		<truncated>0</truncated>
		<difficult>0</difficult>
		<bndbox>
			<xmin>200</xmin>
			<ymin>62</ymin>
			<xmax>793</xmax>
			<ymax>532</ymax>
		</bndbox>
	</object>
</annotation>
