<annotation>
	<folder>alexa echodot</folder>
	<filename>000000091.PNG</filename>
	<path>C:\Users\dell\Pictures\alexa echodot\000000091.PNG</path>
	<source>
		<database>Unknown</database>
	</source>
	<size>
		<width>1018</width>
		<height>588</height>
		<depth>3</depth>
	</size>
	<segmented>0</segmented>
	<object>
		<name>alexa echodot</name>
		<pose>Unspecified</pose>
		<truncated>0</truncated>
		<difficult>0</difficult>
		<bndbox>
			<xmin>342</xmin>
			<ymin>243</ymin>
			<xmax>577</xmax>
			<ymax>460</ymax>
		</bndbox>
	</object>
</annotation>
