<annotation>
	<folder>alexa echodot</folder>
	<filename>0000000105.PNG</filename>
	<path>C:\Users\dell\Pictures\alexa echodot\0000000105.PNG</path>
	<source>
		<database>Unknown</database>
	</source>
	<size>
		<width>1041</width>
		<height>615</height>
		<depth>3</depth>
	</size>
	<segmented>0</segmented>
	<object>
		<name>alexa echodot</name>
		<pose>Unspecified</pose>
		<truncated>0</truncated>
		<difficult>0</difficult>
		<bndbox>
			<xmin>263</xmin>
			<ymin>100</ymin>
			<xmax>716</xmax>
			<ymax>536</ymax>
		</bndbox>
	</object>
</annotation>
