<annotation>
	<folder>alexa echodot</folder>
	<filename>000000097.PNG</filename>
	<path>C:\Users\dell\Pictures\alexa echodot\000000097.PNG</path>
	<source>
		<database>Unknown</database>
	</source>
	<size>
		<width>1166</width>
		<height>515</height>
		<depth>3</depth>
	</size>
	<segmented>0</segmented>
	<object>
		<name>alexa echodot</name>
		<pose>Unspecified</pose>
		<truncated>0</truncated>
		<difficult>0</difficult>
		<bndbox>
			<xmin>349</xmin>
			<ymin>124</ymin>
			<xmax>893</xmax>
			<ymax>433</ymax>
		</bndbox>
	</object>
</annotation>
