<annotation>
	<folder>alexa echodot</folder>
	<filename>000000092.PNG</filename>
	<path>C:\Users\dell\Pictures\alexa echodot\000000092.PNG</path>
	<source>
		<database>Unknown</database>
	</source>
	<size>
		<width>626</width>
		<height>651</height>
		<depth>3</depth>
	</size>
	<segmented>0</segmented>
	<object>
		<name>alexa echodot</name>
		<pose>Unspecified</pose>
		<truncated>0</truncated>
		<difficult>0</difficult>
		<bndbox>
			<xmin>33</xmin>
			<ymin>144</ymin>
			<xmax>486</xmax>
			<ymax>582</ymax>
		</bndbox>
	</object>
</annotation>
