<annotation>
	<folder>alexa echodot</folder>
	<filename>000000096.PNG</filename>
	<path>C:\Users\dell\Pictures\alexa echodot\000000096.PNG</path>
	<source>
		<database>Unknown</database>
	</source>
	<size>
		<width>1308</width>
		<height>879</height>
		<depth>3</depth>
	</size>
	<segmented>0</segmented>
	<object>
		<name>alexa echodot</name>
		<pose>Unspecified</pose>
		<truncated>0</truncated>
		<difficult>0</difficult>
		<bndbox>
			<xmin>118</xmin>
			<ymin>16</ymin>
			<xmax>1177</xmax>
			<ymax>864</ymax>
		</bndbox>
	</object>
</annotation>
