<annotation>
	<folder>alexa echodot</folder>
	<filename>0000000103.PNG</filename>
	<path>C:\Users\dell\Pictures\alexa echodot\0000000103.PNG</path>
	<source>
		<database>Unknown</database>
	</source>
	<size>
		<width>916</width>
		<height>643</height>
		<depth>3</depth>
	</size>
	<segmented>0</segmented>
	<object>
		<name>alexa echodot</name>
		<pose>Unspecified</pose>
		<truncated>0</truncated>
		<difficult>0</difficult>
		<bndbox>
			<xmin>244</xmin>
			<ymin>150</ymin>
			<xmax>697</xmax>
			<ymax>573</ymax>
		</bndbox>
	</object>
</annotation>
