<annotation>
	<folder>alexa echodot</folder>
	<filename>0000000100.PNG</filename>
	<path>C:\Users\dell\Pictures\alexa echodot\0000000100.PNG</path>
	<source>
		<database>Unknown</database>
	</source>
	<size>
		<width>737</width>
		<height>505</height>
		<depth>3</depth>
	</size>
	<segmented>0</segmented>
	<object>
		<name>alexa echodot</name>
		<pose>Unspecified</pose>
		<truncated>0</truncated>
		<difficult>0</difficult>
		<bndbox>
			<xmin>144</xmin>
			<ymin>124</ymin>
			<xmax>519</xmax>
			<ymax>492</ymax>
		</bndbox>
	</object>
</annotation>
