<annotation>
	<folder>alexa echodot</folder>
	<filename>90.PNG</filename>
	<path>C:\Users\dell\Pictures\alexa echodot\90.PNG</path>
	<source>
		<database>Unknown</database>
	</source>
	<size>
		<width>1158</width>
		<height>616</height>
		<depth>3</depth>
	</size>
	<segmented>0</segmented>
	<object>
		<name>alexa echodot</name>
		<pose>Unspecified</pose>
		<truncated>0</truncated>
		<difficult>0</difficult>
		<bndbox>
			<xmin>416</xmin>
			<ymin>225</ymin>
			<xmax>1078</xmax>
			<ymax>575</ymax>
		</bndbox>
	</object>
</annotation>
