<annotation>
	<folder>alexa echodot</folder>
	<filename>000000075.PNG</filename>
	<path>C:\Users\dell\Pictures\alexa echodot\000000075.PNG</path>
	<source>
		<database>Unknown</database>
	</source>
	<size>
		<width>860</width>
		<height>818</height>
		<depth>3</depth>
	</size>
	<segmented>0</segmented>
	<object>
		<name>alexa echodot</name>
		<pose>Unspecified</pose>
		<truncated>0</truncated>
		<difficult>0</difficult>
		<bndbox>
			<xmin>226</xmin>
			<ymin>309</ymin>
			<xmax>623</xmax>
			<ymax>551</ymax>
		</bndbox>
	</object>
</annotation>
