<annotation>
	<folder>alexa echodot</folder>
	<filename>000000045.PNG</filename>
	<path>C:\Users\dell\Pictures\alexa echodot\000000045.PNG</path>
	<source>
		<database>Unknown</database>
	</source>
	<size>
		<width>607</width>
		<height>604</height>
		<depth>3</depth>
	</size>
	<segmented>0</segmented>
	<object>
		<name>alexa echodot</name>
		<pose>Unspecified</pose>
		<truncated>0</truncated>
		<difficult>0</difficult>
		<bndbox>
			<xmin>34</xmin>
			<ymin>145</ymin>
			<xmax>577</xmax>
			<ymax>469</ymax>
		</bndbox>
	</object>
</annotation>
