<annotation>
	<folder>alexa echodot</folder>
	<filename>000000061.PNG</filename>
	<path>C:\Users\dell\Pictures\alexa echodot\000000061.PNG</path>
	<source>
		<database>Unknown</database>
	</source>
	<size>
		<width>859</width>
		<height>356</height>
		<depth>3</depth>
	</size>
	<segmented>0</segmented>
	<object>
		<name>alexa echodot</name>
		<pose>Unspecified</pose>
		<truncated>1</truncated>
		<difficult>0</difficult>
		<bndbox>
			<xmin>407</xmin>
			<ymin>1</ymin>
			<xmax>859</xmax>
			<ymax>356</ymax>
		</bndbox>
	</object>
</annotation>
