<annotation>
	<folder>alexa echodot</folder>
	<filename>000000053.PNG</filename>
	<path>C:\Users\dell\Pictures\alexa echodot\000000053.PNG</path>
	<source>
		<database>Unknown</database>
	</source>
	<size>
		<width>606</width>
		<height>596</height>
		<depth>3</depth>
	</size>
	<segmented>0</segmented>
	<object>
		<name>alexa echodot</name>
		<pose>Unspecified</pose>
		<truncated>0</truncated>
		<difficult>0</difficult>
		<bndbox>
			<xmin>271</xmin>
			<ymin>385</ymin>
			<xmax>566</xmax>
			<ymax>561</ymax>
		</bndbox>
	</object>
</annotation>
