<annotation>
	<folder>alexa echodot</folder>
	<filename>000000049.PNG</filename>
	<path>C:\Users\dell\Pictures\alexa echodot\000000049.PNG</path>
	<source>
		<database>Unknown</database>
	</source>
	<size>
		<width>551</width>
		<height>572</height>
		<depth>3</depth>
	</size>
	<segmented>0</segmented>
	<object>
		<name>alexa echodot</name>
		<pose>Unspecified</pose>
		<truncated>0</truncated>
		<difficult>0</difficult>
		<bndbox>
			<xmin>187</xmin>
			<ymin>157</ymin>
			<xmax>423</xmax>
			<ymax>423</ymax>
		</bndbox>
	</object>
</annotation>
