<annotation>
	<folder>alexa echodot</folder>
	<filename>000000083.PNG</filename>
	<path>C:\Users\dell\Pictures\alexa echodot\000000083.PNG</path>
	<source>
		<database>Unknown</database>
	</source>
	<size>
		<width>879</width>
		<height>809</height>
		<depth>3</depth>
	</size>
	<segmented>0</segmented>
	<object>
		<name>alexa echodot</name>
		<pose>Unspecified</pose>
		<truncated>0</truncated>
		<difficult>0</difficult>
		<bndbox>
			<xmin>64</xmin>
			<ymin>90</ymin>
			<xmax>875</xmax>
			<ymax>733</ymax>
		</bndbox>
	</object>
</annotation>
