<annotation>
	<folder>alexa echodot</folder>
	<filename>000000074.PNG</filename>
	<path>C:\Users\dell\Pictures\alexa echodot\000000074.PNG</path>
	<source>
		<database>Unknown</database>
	</source>
	<size>
		<width>852</width>
		<height>863</height>
		<depth>3</depth>
	</size>
	<segmented>0</segmented>
	<object>
		<name>alexa echodot</name>
		<pose>Unspecified</pose>
		<truncated>0</truncated>
		<difficult>0</difficult>
		<bndbox>
			<xmin>538</xmin>
			<ymin>561</ymin>
			<xmax>711</xmax>
			<ymax>675</ymax>
		</bndbox>
	</object>
</annotation>
