<annotation>
	<folder>alexa echodot</folder>
	<filename>000000080.PNG</filename>
	<path>C:\Users\dell\Pictures\alexa echodot\000000080.PNG</path>
	<source>
		<database>Unknown</database>
	</source>
	<size>
		<width>832</width>
		<height>780</height>
		<depth>3</depth>
	</size>
	<segmented>0</segmented>
	<object>
		<name>alexa echodot</name>
		<pose>Unspecified</pose>
		<truncated>0</truncated>
		<difficult>0</difficult>
		<bndbox>
			<xmin>139</xmin>
			<ymin>250</ymin>
			<xmax>480</xmax>
			<ymax>543</ymax>
		</bndbox>
	</object>
</annotation>
