<annotation>
	<folder>alexa echodot</folder>
	<filename>000000056.PNG</filename>
	<path>C:\Users\dell\Pictures\alexa echodot\000000056.PNG</path>
	<source>
		<database>Unknown</database>
	</source>
	<size>
		<width>1072</width>
		<height>589</height>
		<depth>3</depth>
	</size>
	<segmented>0</segmented>
	<object>
		<name>alexa echodot</name>
		<pose>Unspecified</pose>
		<truncated>0</truncated>
		<difficult>0</difficult>
		<bndbox>
			<xmin>208</xmin>
			<ymin>64</ymin>
			<xmax>824</xmax>
			<ymax>573</ymax>
		</bndbox>
	</object>
</annotation>
