<annotation>
	<folder>alexa echodot</folder>
	<filename>000000052.PNG</filename>
	<path>C:\Users\dell\Pictures\alexa echodot\000000052.PNG</path>
	<source>
		<database>Unknown</database>
	</source>
	<size>
		<width>586</width>
		<height>588</height>
		<depth>3</depth>
	</size>
	<segmented>0</segmented>
	<object>
		<name>alexa echodot</name>
		<pose>Unspecified</pose>
		<truncated>0</truncated>
		<difficult>0</difficult>
		<bndbox>
			<xmin>52</xmin>
			<ymin>82</ymin>
			<xmax>551</xmax>
			<ymax>475</ymax>
		</bndbox>
	</object>
</annotation>
