<annotation>
	<folder>alexa echodot</folder>
	<filename>000000067.PNG</filename>
	<path>C:\Users\dell\Pictures\alexa echodot\000000067.PNG</path>
	<source>
		<database>Unknown</database>
	</source>
	<size>
		<width>914</width>
		<height>620</height>
		<depth>3</depth>
	</size>
	<segmented>0</segmented>
	<object>
		<name>alexa echodot</name>
		<pose>Unspecified</pose>
		<truncated>0</truncated>
		<difficult>0</difficult>
		<bndbox>
			<xmin>207</xmin>
			<ymin>173</ymin>
			<xmax>686</xmax>
			<ymax>454</ymax>
		</bndbox>
	</object>
</annotation>
