<annotation>
	<folder>alexa echodot</folder>
	<filename>000000088.PNG</filename>
	<path>C:\Users\dell\Pictures\alexa echodot\000000088.PNG</path>
	<source>
		<database>Unknown</database>
	</source>
	<size>
		<width>838</width>
		<height>764</height>
		<depth>3</depth>
	</size>
	<segmented>0</segmented>
	<object>
		<name>alexa echodot</name>
		<pose>Unspecified</pose>
		<truncated>0</truncated>
		<difficult>0</difficult>
		<bndbox>
			<xmin>181</xmin>
			<ymin>480</ymin>
			<xmax>658</xmax>
			<ymax>736</ymax>
		</bndbox>
	</object>
</annotation>
