<annotation>
	<folder>alexa echodot</folder>
	<filename>000000086.PNG</filename>
	<path>C:\Users\dell\Pictures\alexa echodot\000000086.PNG</path>
	<source>
		<database>Unknown</database>
	</source>
	<size>
		<width>804</width>
		<height>504</height>
		<depth>3</depth>
	</size>
	<segmented>0</segmented>
	<object>
		<name>alexa echodot</name>
		<pose>Unspecified</pose>
		<truncated>0</truncated>
		<difficult>0</difficult>
		<bndbox>
			<xmin>212</xmin>
			<ymin>166</ymin>
			<xmax>617</xmax>
			<ymax>394</ymax>
		</bndbox>
	</object>
</annotation>
