<annotation>
	<folder>alexa echodot</folder>
	<filename>000000047.PNG</filename>
	<path>C:\Users\dell\Pictures\alexa echodot\000000047.PNG</path>
	<source>
		<database>Unknown</database>
	</source>
	<size>
		<width>1107</width>
		<height>615</height>
		<depth>3</depth>
	</size>
	<segmented>0</segmented>
	<object>
		<name>alexa echodot</name>
		<pose>Unspecified</pose>
		<truncated>0</truncated>
		<difficult>0</difficult>
		<bndbox>
			<xmin>471</xmin>
			<ymin>223</ymin>
			<xmax>624</xmax>
			<ymax>366</ymax>
		</bndbox>
	</object>
</annotation>
