<annotation>
	<folder>alexa echodot</folder>
	<filename>000000077.PNG</filename>
	<path>C:\Users\dell\Pictures\alexa echodot\000000077.PNG</path>
	<source>
		<database>Unknown</database>
	</source>
	<size>
		<width>1289</width>
		<height>720</height>
		<depth>3</depth>
	</size>
	<segmented>0</segmented>
	<object>
		<name>alexa echodot</name>
		<pose>Unspecified</pose>
		<truncated>0</truncated>
		<difficult>0</difficult>
		<bndbox>
			<xmin>408</xmin>
			<ymin>398</ymin>
			<xmax>882</xmax>
			<ymax>665</ymax>
		</bndbox>
	</object>
</annotation>
