<annotation>
	<folder>alexa echodot</folder>
	<filename>000000076.PNG</filename>
	<path>C:\Users\dell\Pictures\alexa echodot\000000076.PNG</path>
	<source>
		<database>Unknown</database>
	</source>
	<size>
		<width>802</width>
		<height>716</height>
		<depth>3</depth>
	</size>
	<segmented>0</segmented>
	<object>
		<name>alexa echodot</name>
		<pose>Unspecified</pose>
		<truncated>0</truncated>
		<difficult>0</difficult>
		<bndbox>
			<xmin>140</xmin>
			<ymin>180</ymin>
			<xmax>663</xmax>
			<ymax>542</ymax>
		</bndbox>
	</object>
</annotation>
