<annotation>
	<folder>alexa echodot</folder>
	<filename>000000078.PNG</filename>
	<path>C:\Users\dell\Pictures\alexa echodot\000000078.PNG</path>
	<source>
		<database>Unknown</database>
	</source>
	<size>
		<width>849</width>
		<height>722</height>
		<depth>3</depth>
	</size>
	<segmented>0</segmented>
	<object>
		<name>alexa echodot</name>
		<pose>Unspecified</pose>
		<truncated>0</truncated>
		<difficult>0</difficult>
		<bndbox>
			<xmin>466</xmin>
			<ymin>214</ymin>
			<xmax>838</xmax>
			<ymax>598</ymax>
		</bndbox>
	</object>
</annotation>
