<annotation>
	<folder>alexa echodot</folder>
	<filename>000000058.PNG</filename>
	<path>C:\Users\dell\Pictures\alexa echodot\000000058.PNG</path>
	<source>
		<database>Unknown</database>
	</source>
	<size>
		<width>1075</width>
		<height>541</height>
		<depth>3</depth>
	</size>
	<segmented>0</segmented>
	<object>
		<name>alexa echodot</name>
		<pose>Unspecified</pose>
		<truncated>0</truncated>
		<difficult>0</difficult>
		<bndbox>
			<xmin>139</xmin>
			<ymin>217</ymin>
			<xmax>444</xmax>
			<ymax>407</ymax>
		</bndbox>
	</object>
	<object>
		<name>alexa echodot</name>
		<pose>Unspecified</pose>
		<truncated>0</truncated>
		<difficult>0</difficult>
		<bndbox>
			<xmin>620</xmin>
			<ymin>220</ymin>
			<xmax>933</xmax>
			<ymax>405</ymax>
		</bndbox>
	</object>
</annotation>
