<annotation>
	<folder>alexa echodot</folder>
	<filename>000000050.PNG</filename>
	<path>C:\Users\dell\Pictures\alexa echodot\000000050.PNG</path>
	<source>
		<database>Unknown</database>
	</source>
	<size>
		<width>1031</width>
		<height>564</height>
		<depth>3</depth>
	</size>
	<segmented>0</segmented>
	<object>
		<name>alexa echodot</name>
		<pose>Unspecified</pose>
		<truncated>0</truncated>
		<difficult>0</difficult>
		<bndbox>
			<xmin>445</xmin>
			<ymin>317</ymin>
			<xmax>689</xmax>
			<ymax>547</ymax>
		</bndbox>
	</object>
</annotation>
