<annotation>
	<folder>alexa echodot</folder>
	<filename>000000064.PNG</filename>
	<path>C:\Users\dell\Pictures\alexa echodot\000000064.PNG</path>
	<source>
		<database>Unknown</database>
	</source>
	<size>
		<width>602</width>
		<height>618</height>
		<depth>3</depth>
	</size>
	<segmented>0</segmented>
	<object>
		<name>alexa echodot</name>
		<pose>Unspecified</pose>
		<truncated>0</truncated>
		<difficult>0</difficult>
		<bndbox>
			<xmin>103</xmin>
			<ymin>128</ymin>
			<xmax>494</xmax>
			<ymax>447</ymax>
		</bndbox>
	</object>
</annotation>
