<annotation>
	<folder>alexa echodot</folder>
	<filename>000000070.PNG</filename>
	<path>C:\Users\dell\Pictures\alexa echodot\000000070.PNG</path>
	<source>
		<database>Unknown</database>
	</source>
	<size>
		<width>917</width>
		<height>809</height>
		<depth>3</depth>
	</size>
	<segmented>0</segmented>
	<object>
		<name>alexa echodot</name>
		<pose>Unspecified</pose>
		<truncated>0</truncated>
		<difficult>0</difficult>
		<bndbox>
			<xmin>13</xmin>
			<ymin>85</ymin>
			<xmax>907</xmax>
			<ymax>751</ymax>
		</bndbox>
	</object>
</annotation>
