<annotation>
	<folder>alexa echodot</folder>
	<filename>000000082.PNG</filename>
	<path>C:\Users\dell\Pictures\alexa echodot\000000082.PNG</path>
	<source>
		<database>Unknown</database>
	</source>
	<size>
		<width>769</width>
		<height>742</height>
		<depth>3</depth>
	</size>
	<segmented>0</segmented>
	<object>
		<name>alexa echodot</name>
		<pose>Unspecified</pose>
		<truncated>0</truncated>
		<difficult>0</difficult>
		<bndbox>
			<xmin>177</xmin>
			<ymin>441</ymin>
			<xmax>625</xmax>
			<ymax>669</ymax>
		</bndbox>
	</object>
</annotation>
