<annotation>
	<folder>alexa echodot</folder>
	<filename>000000044.PNG</filename>
	<path>C:\Users\dell\Pictures\alexa echodot\000000044.PNG</path>
	<source>
		<database>Unknown</database>
	</source>
	<size>
		<width>1108</width>
		<height>617</height>
		<depth>3</depth>
	</size>
	<segmented>0</segmented>
	<object>
		<name>alexa echodot</name>
		<pose>Unspecified</pose>
		<truncated>0</truncated>
		<difficult>0</difficult>
		<bndbox>
			<xmin>12</xmin>
			<ymin>132</ymin>
			<xmax>623</xmax>
			<ymax>594</ymax>
		</bndbox>
	</object>
</annotation>
