<annotation>
	<folder>alexa echodot</folder>
	<filename>000000069.PNG</filename>
	<path>C:\Users\dell\Pictures\alexa echodot\000000069.PNG</path>
	<source>
		<database>Unknown</database>
	</source>
	<size>
		<width>367</width>
		<height>273</height>
		<depth>3</depth>
	</size>
	<segmented>0</segmented>
	<object>
		<name>alexa echodot</name>
		<pose>Unspecified</pose>
		<truncated>0</truncated>
		<difficult>0</difficult>
		<bndbox>
			<xmin>19</xmin>
			<ymin>77</ymin>
			<xmax>153</xmax>
			<ymax>198</ymax>
		</bndbox>
	</object>
</annotation>
