<annotation>
	<folder>alexa echodot</folder>
	<filename>000000079.PNG</filename>
	<path>C:\Users\dell\Pictures\alexa echodot\000000079.PNG</path>
	<source>
		<database>Unknown</database>
	</source>
	<size>
		<width>584</width>
		<height>807</height>
		<depth>3</depth>
	</size>
	<segmented>0</segmented>
	<object>
		<name>alexa echodot</name>
		<pose>Unspecified</pose>
		<truncated>0</truncated>
		<difficult>0</difficult>
		<bndbox>
			<xmin>159</xmin>
			<ymin>264</ymin>
			<xmax>449</xmax>
			<ymax>487</ymax>
		</bndbox>
	</object>
</annotation>
