<annotation>
	<folder>alexa echodot</folder>
	<filename>000000068.PNG</filename>
	<path>C:\Users\dell\Pictures\alexa echodot\000000068.PNG</path>
	<source>
		<database>Unknown</database>
	</source>
	<size>
		<width>959</width>
		<height>545</height>
		<depth>3</depth>
	</size>
	<segmented>0</segmented>
	<object>
		<name>alexa echodot</name>
		<pose>Unspecified</pose>
		<truncated>1</truncated>
		<difficult>0</difficult>
		<bndbox>
			<xmin>1</xmin>
			<ymin>74</ymin>
			<xmax>597</xmax>
			<ymax>529</ymax>
		</bndbox>
	</object>
</annotation>
