<annotation>
	<folder>alexa echodot</folder>
	<filename>000000073.PNG</filename>
	<path>C:\Users\dell\Pictures\alexa echodot\000000073.PNG</path>
	<source>
		<database>Unknown</database>
	</source>
	<size>
		<width>589</width>
		<height>397</height>
		<depth>3</depth>
	</size>
	<segmented>0</segmented>
	<object>
		<name>alexa echodot</name>
		<pose>Unspecified</pose>
		<truncated>0</truncated>
		<difficult>0</difficult>
		<bndbox>
			<xmin>72</xmin>
			<ymin>86</ymin>
			<xmax>489</xmax>
			<ymax>386</ymax>
		</bndbox>
	</object>
</annotation>
