<annotation>
	<folder>alexa echodot</folder>
	<filename>000000055.PNG</filename>
	<path>C:\Users\dell\Pictures\alexa echodot\000000055.PNG</path>
	<source>
		<database>Unknown</database>
	</source>
	<size>
		<width>777</width>
		<height>533</height>
		<depth>3</depth>
	</size>
	<segmented>0</segmented>
	<object>
		<name>alexa echodot</name>
		<pose>Unspecified</pose>
		<truncated>0</truncated>
		<difficult>0</difficult>
		<bndbox>
			<xmin>150</xmin>
			<ymin>60</ymin>
			<xmax>665</xmax>
			<ymax>432</ymax>
		</bndbox>
	</object>
</annotation>
