<annotation>
	<folder>alexa echodot</folder>
	<filename>000000059.PNG</filename>
	<path>C:\Users\dell\Pictures\alexa echodot\000000059.PNG</path>
	<source>
		<database>Unknown</database>
	</source>
	<size>
		<width>1040</width>
		<height>568</height>
		<depth>3</depth>
	</size>
	<segmented>0</segmented>
	<object>
		<name>alexa echodot</name>
		<pose>Unspecified</pose>
		<truncated>0</truncated>
		<difficult>0</difficult>
		<bndbox>
			<xmin>357</xmin>
			<ymin>90</ymin>
			<xmax>676</xmax>
			<ymax>411</ymax>
		</bndbox>
	</object>
</annotation>
