<annotation>
	<folder>alexa echodot</folder>
	<filename>000000060.jpg</filename>
	<path>C:\Users\dell\Pictures\alexa echodot\000000060.jpg</path>
	<source>
		<database>Unknown</database>
	</source>
	<size>
		<width>474</width>
		<height>278</height>
		<depth>3</depth>
	</size>
	<segmented>0</segmented>
	<object>
		<name>alexa echodot</name>
		<pose>Unspecified</pose>
		<truncated>1</truncated>
		<difficult>0</difficult>
		<bndbox>
			<xmin>1</xmin>
			<ymin>1</ymin>
			<xmax>474</xmax>
			<ymax>275</ymax>
		</bndbox>
	</object>
</annotation>
