<annotation>
	<folder>alexa echodot</folder>
	<filename>000000062.PNG</filename>
	<path>C:\Users\dell\Pictures\alexa echodot\000000062.PNG</path>
	<source>
		<database>Unknown</database>
	</source>
	<size>
		<width>589</width>
		<height>573</height>
		<depth>3</depth>
	</size>
	<segmented>0</segmented>
	<object>
		<name>alexa echodot</name>
		<pose>Unspecified</pose>
		<truncated>0</truncated>
		<difficult>0</difficult>
		<bndbox>
			<xmin>32</xmin>
			<ymin>150</ymin>
			<xmax>273</xmax>
			<ymax>391</ymax>
		</bndbox>
	</object>
	<object>
		<name>alexa echodot</name>
		<pose>Unspecified</pose>
		<truncated>0</truncated>
		<difficult>0</difficult>
		<bndbox>
			<xmin>319</xmin>
			<ymin>147</ymin>
			<xmax>567</xmax>
			<ymax>387</ymax>
		</bndbox>
	</object>
</annotation>
