<annotation>
	<folder>alexa echodot</folder>
	<filename>000000063.jpg</filename>
	<path>C:\Users\dell\Pictures\alexa echodot\000000063.jpg</path>
	<source>
		<database>Unknown</database>
	</source>
	<size>
		<width>474</width>
		<height>316</height>
		<depth>3</depth>
	</size>
	<segmented>0</segmented>
	<object>
		<name>alexa echodot</name>
		<pose>Unspecified</pose>
		<truncated>0</truncated>
		<difficult>0</difficult>
		<bndbox>
			<xmin>252</xmin>
			<ymin>132</ymin>
			<xmax>418</xmax>
			<ymax>232</ymax>
		</bndbox>
	</object>
</annotation>
