<annotation>
	<folder>alexa echodot</folder>
	<filename>000000066.PNG</filename>
	<path>C:\Users\dell\Pictures\alexa echodot\000000066.PNG</path>
	<source>
		<database>Unknown</database>
	</source>
	<size>
		<width>437</width>
		<height>294</height>
		<depth>3</depth>
	</size>
	<segmented>0</segmented>
	<object>
		<name>alexa echodot</name>
		<pose>Unspecified</pose>
		<truncated>0</truncated>
		<difficult>0</difficult>
		<bndbox>
			<xmin>116</xmin>
			<ymin>46</ymin>
			<xmax>297</xmax>
			<ymax>238</ymax>
		</bndbox>
	</object>
</annotation>
