<annotation>
	<folder>alexa echodot</folder>
	<filename>000000057.jpg</filename>
	<path>C:\Users\dell\Pictures\alexa echodot\000000057.jpg</path>
	<source>
		<database>Unknown</database>
	</source>
	<size>
		<width>474</width>
		<height>474</height>
		<depth>3</depth>
	</size>
	<segmented>0</segmented>
	<object>
		<name>alexa echodot</name>
		<pose>Unspecified</pose>
		<truncated>0</truncated>
		<difficult>0</difficult>
		<bndbox>
			<xmin>62</xmin>
			<ymin>151</ymin>
			<xmax>425</xmax>
			<ymax>350</ymax>
		</bndbox>
	</object>
</annotation>
