<annotation>
	<folder>alexa echodot</folder>
	<filename>000000046.PNG</filename>
	<path>C:\Users\dell\Pictures\alexa echodot\000000046.PNG</path>
	<source>
		<database>Unknown</database>
	</source>
	<size>
		<width>586</width>
		<height>593</height>
		<depth>3</depth>
	</size>
	<segmented>0</segmented>
	<object>
		<name>alexa echodot</name>
		<pose>Unspecified</pose>
		<truncated>0</truncated>
		<difficult>0</difficult>
		<bndbox>
			<xmin>29</xmin>
			<ymin>319</ymin>
			<xmax>354</xmax>
			<ymax>506</ymax>
		</bndbox>
	</object>
	<object>
		<name>alexa echodot</name>
		<pose>Unspecified</pose>
		<truncated>0</truncated>
		<difficult>0</difficult>
		<bndbox>
			<xmin>224</xmin>
			<ymin>248</ymin>
			<xmax>468</xmax>
			<ymax>384</ymax>
		</bndbox>
	</object>
	<object>
		<name>alexa echodot</name>
		<pose>Unspecified</pose>
		<truncated>0</truncated>
		<difficult>0</difficult>
		<bndbox>
			<xmin>381</xmin>
			<ymin>202</ymin>
			<xmax>552</xmax>
			<ymax>295</ymax>
		</bndbox>
	</object>
</annotation>
