<annotation>
	<folder>alexa echodot</folder>
	<filename>000000071.jpg</filename>
	<path>C:\Users\dell\Pictures\alexa echodot\000000071.jpg</path>
	<source>
		<database>Unknown</database>
	</source>
	<size>
		<width>474</width>
		<height>234</height>
		<depth>3</depth>
	</size>
	<segmented>0</segmented>
	<object>
		<name>alexa echodot</name>
		<pose>Unspecified</pose>
		<truncated>0</truncated>
		<difficult>0</difficult>
		<bndbox>
			<xmin>116</xmin>
			<ymin>23</ymin>
			<xmax>354</xmax>
			<ymax>201</ymax>
		</bndbox>
	</object>
</annotation>
