<annotation>
	<folder>alexa echodot</folder>
	<filename>000000072.jpg</filename>
	<path>C:\Users\dell\Pictures\alexa echodot\000000072.jpg</path>
	<source>
		<database>Unknown</database>
	</source>
	<size>
		<width>474</width>
		<height>266</height>
		<depth>3</depth>
	</size>
	<segmented>0</segmented>
	<object>
		<name>alexa echodot</name>
		<pose>Unspecified</pose>
		<truncated>0</truncated>
		<difficult>0</difficult>
		<bndbox>
			<xmin>87</xmin>
			<ymin>14</ymin>
			<xmax>372</xmax>
			<ymax>243</ymax>
		</bndbox>
	</object>
</annotation>
