<annotation>
	<folder>alexa echodot</folder>
	<filename>85.PNG</filename>
	<path>C:\Users\dell\Pictures\alexa echodot\85.PNG</path>
	<source>
		<database>Unknown</database>
	</source>
	<size>
		<width>1496</width>
		<height>817</height>
		<depth>3</depth>
	</size>
	<segmented>0</segmented>
	<object>
		<name>alexa echodot</name>
		<pose>Unspecified</pose>
		<truncated>0</truncated>
		<difficult>0</difficult>
		<bndbox>
			<xmin>300</xmin>
			<ymin>202</ymin>
			<xmax>1090</xmax>
			<ymax>800</ymax>
		</bndbox>
	</object>
</annotation>
