<annotation>
	<folder>alexa echodot</folder>
	<filename>86.PNG</filename>
	<path>C:\Users\dell\Pictures\alexa echodot\86.PNG</path>
	<source>
		<database>Unknown</database>
	</source>
	<size>
		<width>1225</width>
		<height>817</height>
		<depth>3</depth>
	</size>
	<segmented>0</segmented>
	<object>
		<name>alexa echodot</name>
		<pose>Unspecified</pose>
		<truncated>0</truncated>
		<difficult>0</difficult>
		<bndbox>
			<xmin>545</xmin>
			<ymin>385</ymin>
			<xmax>971</xmax>
			<ymax>757</ymax>
		</bndbox>
	</object>
</annotation>
