<annotation>
	<folder>google homemini</folder>
	<filename>00000043.jpg</filename>
	<path>C:\Users\dell\Pictures\google homemini\00000043.jpg</path>
	<source>
		<database>Unknown</database>
	</source>
	<size>
		<width>256</width>
		<height>171</height>
		<depth>3</depth>
	</size>
	<segmented>0</segmented>
	<object>
		<name>google homemini</name>
		<pose>Unspecified</pose>
		<truncated>0</truncated>
		<difficult>0</difficult>
		<bndbox>
			<xmin>105</xmin>
			<ymin>84</ymin>
			<xmax>161</xmax>
			<ymax>116</ymax>
		</bndbox>
	</object>
</annotation>
