<annotation>
	<folder>google homemini</folder>
	<filename>00000036.jpg</filename>
	<path>C:\Users\dell\Pictures\google homemini\00000036.jpg</path>
	<source>
		<database>Unknown</database>
	</source>
	<size>
		<width>273</width>
		<height>182</height>
		<depth>3</depth>
	</size>
	<segmented>0</segmented>
	<object>
		<name>google homemini</name>
		<pose>Unspecified</pose>
		<truncated>0</truncated>
		<difficult>0</difficult>
		<bndbox>
			<xmin>92</xmin>
			<ymin>22</ymin>
			<xmax>218</xmax>
			<ymax>137</ymax>
		</bndbox>
	</object>
</annotation>
