<annotation>
	<folder>google homemini</folder>
	<filename>00000009.jpg</filename>
	<path>C:\Users\dell\Pictures\google homemini\00000009.jpg</path>
	<source>
		<database>Unknown</database>
	</source>
	<size>
		<width>132</width>
		<height>218</height>
		<depth>3</depth>
	</size>
	<segmented>0</segmented>
	<object>
		<name>google homemini</name>
		<pose>Unspecified</pose>
		<truncated>0</truncated>
		<difficult>0</difficult>
		<bndbox>
			<xmin>22</xmin>
			<ymin>88</ymin>
			<xmax>130</xmax>
			<ymax>212</ymax>
		</bndbox>
	</object>
</annotation>
