<annotation>
	<folder>google homemini</folder>
	<filename>00000039.jpg</filename>
	<path>C:\Users\dell\Pictures\google homemini\00000039.jpg</path>
	<source>
		<database>Unknown</database>
	</source>
	<size>
		<width>268</width>
		<height>161</height>
		<depth>3</depth>
	</size>
	<segmented>0</segmented>
	<object>
		<name>google homemini</name>
		<pose>Unspecified</pose>
		<truncated>0</truncated>
		<difficult>0</difficult>
		<bndbox>
			<xmin>102</xmin>
			<ymin>101</ymin>
			<xmax>166</xmax>
			<ymax>141</ymax>
		</bndbox>
	</object>
</annotation>
