<annotation>
	<folder>google homemini</folder>
	<filename>00000027.jpg</filename>
	<path>C:\Users\dell\Pictures\google homemini\00000027.jpg</path>
	<source>
		<database>Unknown</database>
	</source>
	<size>
		<width>408</width>
		<height>612</height>
		<depth>3</depth>
	</size>
	<segmented>0</segmented>
	<object>
		<name>google homemini</name>
		<pose>Unspecified</pose>
		<truncated>0</truncated>
		<difficult>0</difficult>
		<bndbox>
			<xmin>35</xmin>
			<ymin>284</ymin>
			<xmax>260</xmax>
			<ymax>468</ymax>
		</bndbox>
	</object>
</annotation>
