<annotation>
	<folder>google homemini</folder>
	<filename>00000002.jpg</filename>
	<path>C:\Users\dell\Pictures\google homemini\00000002.jpg</path>
	<source>
		<database>Unknown</database>
	</source>
	<size>
		<width>158</width>
		<height>218</height>
		<depth>3</depth>
	</size>
	<segmented>0</segmented>
	<object>
		<name>google homemini</name>
		<pose>Unspecified</pose>
		<truncated>1</truncated>
		<difficult>0</difficult>
		<bndbox>
			<xmin>32</xmin>
			<ymin>3</ymin>
			<xmax>158</xmax>
			<ymax>211</ymax>
		</bndbox>
	</object>
</annotation>
