<annotation>
	<folder>google homemini</folder>
	<filename>00000037.jpg</filename>
	<path>C:\Users\dell\Pictures\google homemini\00000037.jpg</path>
	<source>
		<database>Unknown</database>
	</source>
	<size>
		<width>313</width>
		<height>160</height>
		<depth>3</depth>
	</size>
	<segmented>0</segmented>
	<object>
		<name>google homemini</name>
		<pose>Unspecified</pose>
		<truncated>0</truncated>
		<difficult>0</difficult>
		<bndbox>
			<xmin>94</xmin>
			<ymin>18</ymin>
			<xmax>219</xmax>
			<ymax>141</ymax>
		</bndbox>
	</object>
</annotation>
