<annotation>
	<folder>google homemini</folder>
	<filename>00000018.jpg</filename>
	<path>C:\Users\dell\Pictures\google homemini\00000018.jpg</path>
	<source>
		<database>Unknown</database>
	</source>
	<size>
		<width>612</width>
		<height>408</height>
		<depth>3</depth>
	</size>
	<segmented>0</segmented>
	<object>
		<name>google homemini</name>
		<pose>Unspecified</pose>
		<truncated>0</truncated>
		<difficult>0</difficult>
		<bndbox>
			<xmin>82</xmin>
			<ymin>21</ymin>
			<xmax>208</xmax>
			<ymax>147</ymax>
		</bndbox>
	</object>
	<object>
		<name>google homemini</name>
		<pose>Unspecified</pose>
		<truncated>0</truncated>
		<difficult>0</difficult>
		<bndbox>
			<xmin>247</xmin>
			<ymin>22</ymin>
			<xmax>365</xmax>
			<ymax>146</ymax>
		</bndbox>
	</object>
	<object>
		<name>google homemini</name>
		<pose>Unspecified</pose>
		<truncated>0</truncated>
		<difficult>0</difficult>
		<bndbox>
			<xmin>401</xmin>
			<ymin>19</ymin>
			<xmax>524</xmax>
			<ymax>143</ymax>
		</bndbox>
	</object>
</annotation>
